{
  "success": 1,
  "version": "0.0.1",
  "list": [{
    "id":"1",
    "name":"画珐琅鹧鸪菊石图鼻烟壶",
    "url":"static/images/Rectangle2.png",
    "isCollect":true
  },
    {
      "id":"1",
      "name":"画珐琅鹧鸪菊石图鼻烟壶",
      "url":"static/images/Rectangle2.png",
      "isCollect":true
    },
    {
      "id":"1",
      "name":"画珐琅鹧鸪菊石图鼻烟壶",
      "url":"static/images/Rectangle2.png",
      "isCollect":true
    },{
      "id":"1",
      "name":"画珐琅鹧鸪菊石图鼻烟壶",
      "url":"static/images/Rectangle2.png",
      "isCollect":true
    },{
      "id":"1",
      "name":"画珐琅鹧鸪菊石图鼻烟壶",
      "url":"static/images/Rectangle2.png",
      "isCollect":false
    },{
      "id":"1",
      "name":"画珐琅鹧鸪菊石图鼻烟壶",
      "url":"static/images/Rectangle2.png",
      "isCollect":true
    },{
      "id":"1",
      "name":"画珐琅鹧鸪菊石图鼻烟壶",
      "url":"static/images/Rectangle2.png",
      "isCollect":false
    },{
      "id":"1",
      "name":"画珐琅鹧鸪菊石图鼻烟壶",
      "url":"static/images/Rectangle2.png",
      "isCollect":true
    }
  ]


}
