{
  "data":[
    {"iscollected":"1","name":"清白玉花鸟纹玉佩111111111111111111","img":"https://timgsa.baidu.com/timg?image&quality=80&size=b9999_10000&sec=1540868175&di=162c9116fd888246616dad76b2e05071&imgtype=jpg&er=1&src=http%3A%2F%2Fimgsrc.baidu.com%2Fimgad%2Fpic%2Fitem%2Fc8ea15ce36d3d5394b2468fa3187e950352ab0ea.jpg"},
    {"iscollected":"1","name":"清白玉花鸟纹玉佩","img":"https://timgsa.baidu.com/timg?image&quality=80&size=b9999_10000&sec=1540868175&di=162c9116fd888246616dad76b2e05071&imgtype=jpg&er=1&src=http%3A%2F%2Fimgsrc.baidu.com%2Fimgad%2Fpic%2Fitem%2Fc8ea15ce36d3d5394b2468fa3187e950352ab0ea.jpg"},
    {"iscollected":"1","name":"清白玉花鸟纹玉佩","img":"https://timgsa.baidu.com/timg?image&quality=80&size=b9999_10000&sec=1540868175&di=162c9116fd888246616dad76b2e05071&imgtype=jpg&er=1&src=http%3A%2F%2Fimgsrc.baidu.com%2Fimgad%2Fpic%2Fitem%2Fc8ea15ce36d3d5394b2468fa3187e950352ab0ea.jpg"},
    {"iscollected":"1","name":"清白玉花鸟纹玉佩","img":"https://timgsa.baidu.com/timg?image&quality=80&size=b9999_10000&sec=1540868175&di=162c9116fd888246616dad76b2e05071&imgtype=jpg&er=1&src=http%3A%2F%2Fimgsrc.baidu.com%2Fimgad%2Fpic%2Fitem%2Fc8ea15ce36d3d5394b2468fa3187e950352ab0ea.jpg"},
    {"iscollected":"1","name":"清白玉花鸟纹玉佩","img":"https://timgsa.baidu.com/timg?image&quality=80&size=b9999_10000&sec=1540868175&di=162c9116fd888246616dad76b2e05071&imgtype=jpg&er=1&src=http%3A%2F%2Fimgsrc.baidu.com%2Fimgad%2Fpic%2Fitem%2Fc8ea15ce36d3d5394b2468fa3187e950352ab0ea.jpg"},{"name":"清白玉花鸟纹玉佩","img":"https://timgsa.baidu.com/timg?image&quality=80&size=b9999_10000&sec=1540868175&di=162c9116fd888246616dad76b2e05071&imgtype=jpg&er=1&src=http%3A%2F%2Fimgsrc.baidu.com%2Fimgad%2Fpic%2Fitem%2Fc8ea15ce36d3d5394b2468fa3187e950352ab0ea.jpg"},{"name":"清白玉花鸟纹玉佩","img":"https://timgsa.baidu.com/timg?image&quality=80&size=b9999_10000&sec=1540868175&di=162c9116fd888246616dad76b2e05071&imgtype=jpg&er=1&src=http%3A%2F%2Fimgsrc.baidu.com%2Fimgad%2Fpic%2Fitem%2Fc8ea15ce36d3d5394b2468fa3187e950352ab0ea.jpg"},{"name":"清白玉花鸟纹玉佩","img":"https://timgsa.baidu.com/timg?image&quality=80&size=b9999_10000&sec=1540868175&di=162c9116fd888246616dad76b2e05071&imgtype=jpg&er=1&src=http%3A%2F%2Fimgsrc.baidu.com%2Fimgad%2Fpic%2Fitem%2Fc8ea15ce36d3d5394b2468fa3187e950352ab0ea.jpg"},
    {"iscollected":"1","name":"清白玉花鸟纹玉佩","img":"https://timgsa.baidu.com/timg?image&quality=80&size=b9999_10000&sec=1540868175&di=162c9116fd888246616dad76b2e05071&imgtype=jpg&er=1&src=http%3A%2F%2Fimgsrc.baidu.com%2Fimgad%2Fpic%2Fitem%2Fc8ea15ce36d3d5394b2468fa3187e950352ab0ea.jpg"},
    {"iscollected":"1","name":"清白玉花鸟纹玉佩","img":"https://timgsa.baidu.com/timg?image&quality=80&size=b9999_10000&sec=1540868175&di=162c9116fd888246616dad76b2e05071&imgtype=jpg&er=1&src=http%3A%2F%2Fimgsrc.baidu.com%2Fimgad%2Fpic%2Fitem%2Fc8ea15ce36d3d5394b2468fa3187e950352ab0ea.jpg"},
    {"iscollected":"1","name":"清白玉花鸟纹玉佩","img":"https://timgsa.baidu.com/timg?image&quality=80&size=b9999_10000&sec=1540868175&di=162c9116fd888246616dad76b2e05071&imgtype=jpg&er=1&src=http%3A%2F%2Fimgsrc.baidu.com%2Fimgad%2Fpic%2Fitem%2Fc8ea15ce36d3d5394b2468fa3187e950352ab0ea.jpg"},
    {"iscollected":"1","name":"清白玉花鸟纹玉佩","img":"https://timgsa.baidu.com/timg?image&quality=80&size=b9999_10000&sec=1540868175&di=162c9116fd888246616dad76b2e05071&imgtype=jpg&er=1&src=http%3A%2F%2Fimgsrc.baidu.com%2Fimgad%2Fpic%2Fitem%2Fc8ea15ce36d3d5394b2468fa3187e950352ab0ea.jpg"},
    {"iscollected":"1","name":"清白玉花鸟纹玉佩","img":"https://timgsa.baidu.com/timg?image&quality=80&size=b9999_10000&sec=1540868175&di=162c9116fd888246616dad76b2e05071&imgtype=jpg&er=1&src=http%3A%2F%2Fimgsrc.baidu.com%2Fimgad%2Fpic%2Fitem%2Fc8ea15ce36d3d5394b2468fa3187e950352ab0ea.jpg"},
    {"iscollected":"1","name":"清白玉花鸟纹玉佩","img":"https://timgsa.baidu.com/timg?image&quality=80&size=b9999_10000&sec=1540868175&di=162c9116fd888246616dad76b2e05071&imgtype=jpg&er=1&src=http%3A%2F%2Fimgsrc.baidu.com%2Fimgad%2Fpic%2Fitem%2Fc8ea15ce36d3d5394b2468fa3187e950352ab0ea.jpg"},
    {"iscollected":"1","name":"清白玉花鸟纹玉佩","img":"https://timgsa.baidu.com/timg?image&quality=80&size=b9999_10000&sec=1540868175&di=162c9116fd888246616dad76b2e05071&imgtype=jpg&er=1&src=http%3A%2F%2Fimgsrc.baidu.com%2Fimgad%2Fpic%2Fitem%2Fc8ea15ce36d3d5394b2468fa3187e950352ab0ea.jpg"},
    {"iscollected":"1","name":"清白玉花鸟纹玉佩","img":"https://timgsa.baidu.com/timg?image&quality=80&size=b9999_10000&sec=1540868175&di=162c9116fd888246616dad76b2e05071&imgtype=jpg&er=1&src=http%3A%2F%2Fimgsrc.baidu.com%2Fimgad%2Fpic%2Fitem%2Fc8ea15ce36d3d5394b2468fa3187e950352ab0ea.jpg"},
    {"iscollected":"1","name":"清白玉花鸟纹玉佩","img":"https://timgsa.baidu.com/timg?image&quality=80&size=b9999_10000&sec=1540868175&di=162c9116fd888246616dad76b2e05071&imgtype=jpg&er=1&src=http%3A%2F%2Fimgsrc.baidu.com%2Fimgad%2Fpic%2Fitem%2Fc8ea15ce36d3d5394b2468fa3187e950352ab0ea.jpg"},
    {"iscollected":"1","name":"清白玉花鸟纹玉佩","img":"https://timgsa.baidu.com/timg?image&quality=80&size=b9999_10000&sec=1540868175&di=162c9116fd888246616dad76b2e05071&imgtype=jpg&er=1&src=http%3A%2F%2Fimgsrc.baidu.com%2Fimgad%2Fpic%2Fitem%2Fc8ea15ce36d3d5394b2468fa3187e950352ab0ea.jpg"},
    {"iscollected":"1","name":"清白玉花鸟纹玉佩","img":"https://timgsa.baidu.com/timg?image&quality=80&size=b9999_10000&sec=1540868175&di=162c9116fd888246616dad76b2e05071&imgtype=jpg&er=1&src=http%3A%2F%2Fimgsrc.baidu.com%2Fimgad%2Fpic%2Fitem%2Fc8ea15ce36d3d5394b2468fa3187e950352ab0ea.jpg"},
    {"iscollected":"1","name":"清白玉花鸟纹玉佩","img":"https://timgsa.baidu.com/timg?image&quality=80&size=b9999_10000&sec=1540868175&di=162c9116fd888246616dad76b2e05071&imgtype=jpg&er=1&src=http%3A%2F%2Fimgsrc.baidu.com%2Fimgad%2Fpic%2Fitem%2Fc8ea15ce36d3d5394b2468fa3187e950352ab0ea.jpg"},
    {"iscollected":"1","name":"清白玉花鸟纹玉佩","img":"https://timgsa.baidu.com/timg?image&quality=80&size=b9999_10000&sec=1540868175&di=162c9116fd888246616dad76b2e05071&imgtype=jpg&er=1&src=http%3A%2F%2Fimgsrc.baidu.com%2Fimgad%2Fpic%2Fitem%2Fc8ea15ce36d3d5394b2468fa3187e950352ab0ea.jpg"},
    {"iscollected":"1","name":"清白玉花鸟纹玉佩","img":"https://timgsa.baidu.com/timg?image&quality=80&size=b9999_10000&sec=1540868175&di=162c9116fd888246616dad76b2e05071&imgtype=jpg&er=1&src=http%3A%2F%2Fimgsrc.baidu.com%2Fimgad%2Fpic%2Fitem%2Fc8ea15ce36d3d5394b2468fa3187e950352ab0ea.jpg"},
    {"iscollected":"1","name":"清白玉花鸟纹玉佩","img":"https://timgsa.baidu.com/timg?image&quality=80&size=b9999_10000&sec=1540868175&di=162c9116fd888246616dad76b2e05071&imgtype=jpg&er=1&src=http%3A%2F%2Fimgsrc.baidu.com%2Fimgad%2Fpic%2Fitem%2Fc8ea15ce36d3d5394b2468fa3187e950352ab0ea.jpg"},
    {"iscollected":"1","name":"清白玉花鸟纹玉佩","img":"https://timgsa.baidu.com/timg?image&quality=80&size=b9999_10000&sec=1540868175&di=162c9116fd888246616dad76b2e05071&imgtype=jpg&er=1&src=http%3A%2F%2Fimgsrc.baidu.com%2Fimgad%2Fpic%2Fitem%2Fc8ea15ce36d3d5394b2468fa3187e950352ab0ea.jpg"},
    {"iscollected":"1","name":"清白玉花鸟纹玉佩","img":"https://timgsa.baidu.com/timg?image&quality=80&size=b9999_10000&sec=1540868175&di=162c9116fd888246616dad76b2e05071&imgtype=jpg&er=1&src=http%3A%2F%2Fimgsrc.baidu.com%2Fimgad%2Fpic%2Fitem%2Fc8ea15ce36d3d5394b2468fa3187e950352ab0ea.jpg"},
    {"iscollected":"1","name":"清白玉花鸟纹玉佩","img":"https://timgsa.baidu.com/timg?image&quality=80&size=b9999_10000&sec=1540868175&di=162c9116fd888246616dad76b2e05071&imgtype=jpg&er=1&src=http%3A%2F%2Fimgsrc.baidu.com%2Fimgad%2Fpic%2Fitem%2Fc8ea15ce36d3d5394b2468fa3187e950352ab0ea.jpg"}

  ]
}
