{"data":[
  {"mon":"09/12","year":"2018","title":"国博讲堂特邀孙机先生“龙年说龙”","cont":"2012年是我国农历壬辰龙年，2月22日上午，“国博讲堂”特邀著名文物专家、考古学家孙机先生做了以《神龙出世六千年》为题的讲座，来自文博单位、学校以及各行各业的听众从四面八方赶来，能容纳近三百人的国博学术报告厅座无虚席。讲座中，孙机先生以生动风趣的语言，通过比照考古及文献资料，以时代演变为线，从龙的起源、龙和图腾、龙与Dragon、大角龙与有翼龙、蛇体龙和兽体龙。"},
  {"mon":"09/12","year":"2018","title":"国博讲堂特邀孙机先生“龙年说龙”","cont":"2012年是我国农历壬辰龙年，2月22日上午，“国博讲堂”特邀著名文物专家、考古学家孙机先生做了以《神龙出世六千年》为题的讲座，来自文博单位、学校以及各行各业的听众从四面八方赶来，能容纳近三百人的国博学术报告厅座无虚席。讲座中，孙机先生以生动风趣的语言，通过比照考古及文献资料，以时代演变为线，从龙的起源、龙和图腾、龙与Dragon、大角龙与有翼龙、蛇体龙和兽体龙。"},
  {"mon":"09/12","year":"2018","title":"国博讲堂特邀孙机先生“龙年说龙”","cont":"2012年是我国农历壬辰龙年，2月22日上午，“国博讲堂”特邀著名文物专家、考古学家孙机先生做了以《神龙出世六千年》为题的讲座，来自文博单位、学校以及各行各业的听众从四面八方赶来，能容纳近三百人的国博学术报告厅座无虚席。讲座中，孙机先生以生动风趣的语言，通过比照考古及文献资料，以时代演变为线，从龙的起源、龙和图腾、龙与Dragon、大角龙与有翼龙、蛇体龙和兽体龙。"},
  {"mon":"09/12","year":"2018","title":"国博讲堂特邀孙机先生“龙年说龙”","cont":"2012年是我国农历壬辰龙年，2月22日上午，“国博讲堂”特邀著名文物专家、考古学家孙机先生做了以《神龙出世六千年》为题的讲座，来自文博单位、学校以及各行各业的听众从四面八方赶来，能容纳近三百人的国博学术报告厅座无虚席。讲座中，孙机先生以生动风趣的语言，通过比照考古及文献资料，以时代演变为线，从龙的起源、龙和图腾、龙与Dragon、大角龙与有翼龙、蛇体龙和兽体龙。"},
  {"mon":"09/12","year":"2018","title":"国博讲堂特邀孙机先生“龙年说龙”","cont":"2012年是我国农历壬辰龙年，2月22日上午，“国博讲堂”特邀著名文物专家、考古学家孙机先生做了以《神龙出世六千年》为题的讲座，来自文博单位、学校以及各行各业的听众从四面八方赶来，能容纳近三百人的国博学术报告厅座无虚席。讲座中，孙机先生以生动风趣的语言，通过比照考古及文献资料，以时代演变为线，从龙的起源、龙和图腾、龙与Dragon、大角龙与有翼龙、蛇体龙和兽体龙。"},
  {"mon":"09/12","year":"2018","title":"国博讲堂特邀孙机先生“龙年说龙”","cont":"2012年是我国农历壬辰龙年，2月22日上午，“国博讲堂”特邀著名文物专家、考古学家孙机先生做了以《神龙出世六千年》为题的讲座，来自文博单位、学校以及各行各业的听众从四面八方赶来，能容纳近三百人的国博学术报告厅座无虚席。讲座中，孙机先生以生动风趣的语言，通过比照考古及文献资料，以时代演变为线，从龙的起源、龙和图腾、龙与Dragon、大角龙与有翼龙、蛇体龙和兽体龙。"},
  {"mon":"09/12","year":"2018","title":"国博讲堂特邀孙机先生“龙年说龙”","cont":"2012年是我国农历壬辰龙年，2月22日上午，“国博讲堂”特邀著名文物专家、考古学家孙机先生做了以《神龙出世六千年》为题的讲座，来自文博单位、学校以及各行各业的听众从四面八方赶来，能容纳近三百人的国博学术报告厅座无虚席。讲座中，孙机先生以生动风趣的语言，通过比照考古及文献资料，以时代演变为线，从龙的起源、龙和图腾、龙与Dragon、大角龙与有翼龙、蛇体龙和兽体龙。"},
  {"mon":"09/12","year":"2018","title":"国博讲堂特邀孙机先生“龙年说龙”","cont":"2012年是我国农历壬辰龙年，2月22日上午，“国博讲堂”特邀著名文物专家、考古学家孙机先生做了以《神龙出世六千年》为题的讲座，来自文博单位、学校以及各行各业的听众从四面八方赶来，能容纳近三百人的国博学术报告厅座无虚席。讲座中，孙机先生以生动风趣的语言，通过比照考古及文献资料，以时代演变为线，从龙的起源、龙和图腾、龙与Dragon、大角龙与有翼龙、蛇体龙和兽体龙。"}
]}
