{"data":[
  {"name":"金瓯永固杯：大年夜皇帝开笔礼器","img":"https://timgsa.baidu.com/timg?image&quality=80&size=b9999_10000&sec=1540868175&di=162c9116fd888246616dad76b2e05071&imgtype=jpg&er=1&src=http%3A%2F%2Fimgsrc.baidu.com%2Fimgad%2Fpic%2Fitem%2Fc8ea15ce36d3d5394b2468fa3187e950352ab0ea.jpg","des":"这个金酒杯，一面书“金瓯永固”，另一面刻“乾隆年制”，外壁饰满宝相花，花蕊由珍珠及红、蓝宝石镶嵌而成。杯子两侧各有一个变形龙耳，龙头上有珍珠。"},
  {"name":"金瓯永固杯：大年夜皇帝开笔礼器","img":"https://timgsa.baidu.com/timg?image&quality=80&size=b9999_10000&sec=1540868175&di=162c9116fd888246616dad76b2e05071&imgtype=jpg&er=1&src=http%3A%2F%2Fimgsrc.baidu.com%2Fimgad%2Fpic%2Fitem%2Fc8ea15ce36d3d5394b2468fa3187e950352ab0ea.jpg","des":"这个金酒杯，一面书“金瓯永固”，另一面刻“乾隆年制”，外壁饰满宝相花，花蕊由珍珠及红、蓝宝石镶嵌而成。杯子两侧各有一个变形龙耳，龙头上有珍珠。"},
  {"name":"金瓯永固杯：大年夜皇帝开笔礼器","img":"https://timgsa.baidu.com/timg?image&quality=80&size=b9999_10000&sec=1540868175&di=162c9116fd888246616dad76b2e05071&imgtype=jpg&er=1&src=http%3A%2F%2Fimgsrc.baidu.com%2Fimgad%2Fpic%2Fitem%2Fc8ea15ce36d3d5394b2468fa3187e950352ab0ea.jpg","des":"这个金酒杯，一面书“金瓯永固”，另一面刻“乾隆年制”，外壁饰满宝相花，花蕊由珍珠及红、蓝宝石镶嵌而成。杯子两侧各有一个变形龙耳，龙头上有珍珠。"},
  {"name":"金瓯永固杯：大年夜皇帝开笔礼器","img":"https://timgsa.baidu.com/timg?image&quality=80&size=b9999_10000&sec=1540868175&di=162c9116fd888246616dad76b2e05071&imgtype=jpg&er=1&src=http%3A%2F%2Fimgsrc.baidu.com%2Fimgad%2Fpic%2Fitem%2Fc8ea15ce36d3d5394b2468fa3187e950352ab0ea.jpg","des":"这个金酒杯，一面书“金瓯永固”，另一面刻“乾隆年制”，外壁饰满宝相花，花蕊由珍珠及红、蓝宝石镶嵌而成。杯子两侧各有一个变形龙耳，龙头上有珍珠。"},
  {"name":"金瓯永固杯：大年夜皇帝开笔礼器","img":"https://timgsa.baidu.com/timg?image&quality=80&size=b9999_10000&sec=1540868175&di=162c9116fd888246616dad76b2e05071&imgtype=jpg&er=1&src=http%3A%2F%2Fimgsrc.baidu.com%2Fimgad%2Fpic%2Fitem%2Fc8ea15ce36d3d5394b2468fa3187e950352ab0ea.jpg","des":"这个金酒杯，一面书“金瓯永固”，另一面刻“乾隆年制”，外壁饰满宝相花，花蕊由珍珠及红、蓝宝石镶嵌而成。杯子两侧各有一个变形龙耳，龙头上有珍珠。"},
  {"name":"金瓯永固杯：大年夜皇帝开笔礼器","img":"https://timgsa.baidu.com/timg?image&quality=80&size=b9999_10000&sec=1540868175&di=162c9116fd888246616dad76b2e05071&imgtype=jpg&er=1&src=http%3A%2F%2Fimgsrc.baidu.com%2Fimgad%2Fpic%2Fitem%2Fc8ea15ce36d3d5394b2468fa3187e950352ab0ea.jpg","des":"这个金酒杯，一面书“金瓯永固”，另一面刻“乾隆年制”，外壁饰满宝相花，花蕊由珍珠及红、蓝宝石镶嵌而成。杯子两侧各有一个变形龙耳，龙头上有珍珠。"},
  {"name":"金瓯永固杯：大年夜皇帝开笔礼器","img":"https://timgsa.baidu.com/timg?image&quality=80&size=b9999_10000&sec=1540868175&di=162c9116fd888246616dad76b2e05071&imgtype=jpg&er=1&src=http%3A%2F%2Fimgsrc.baidu.com%2Fimgad%2Fpic%2Fitem%2Fc8ea15ce36d3d5394b2468fa3187e950352ab0ea.jpg","des":"这个金酒杯，一面书“金瓯永固”，另一面刻“乾隆年制”，外壁饰满宝相花，花蕊由珍珠及红、蓝宝石镶嵌而成。杯子两侧各有一个变形龙耳，龙头上有珍珠。"},
  {"name":"金瓯永固杯：大年夜皇帝开笔礼器","img":"https://timgsa.baidu.com/timg?image&quality=80&size=b9999_10000&sec=1540868175&di=162c9116fd888246616dad76b2e05071&imgtype=jpg&er=1&src=http%3A%2F%2Fimgsrc.baidu.com%2Fimgad%2Fpic%2Fitem%2Fc8ea15ce36d3d5394b2468fa3187e950352ab0ea.jpg","des":"这个金酒杯，一面书“金瓯永固”，另一面刻“乾隆年制”，外壁饰满宝相花，花蕊由珍珠及红、蓝宝石镶嵌而成。杯子两侧各有一个变形龙耳，龙头上有珍珠。"},
  {"name":"金瓯永固杯：大年夜皇帝开笔礼器","img":"https://timgsa.baidu.com/timg?image&quality=80&size=b9999_10000&sec=1540868175&di=162c9116fd888246616dad76b2e05071&imgtype=jpg&er=1&src=http%3A%2F%2Fimgsrc.baidu.com%2Fimgad%2Fpic%2Fitem%2Fc8ea15ce36d3d5394b2468fa3187e950352ab0ea.jpg","des":"这个金酒杯，一面书“金瓯永固”，另一面刻“乾隆年制”，外壁饰满宝相花，花蕊由珍珠及红、蓝宝石镶嵌而成。杯子两侧各有一个变形龙耳，龙头上有珍珠。"}
]}
